id;note;registration_date;user_id;event_id
1;Sri Lanka Rupee hack optical;2020-10-29T21:52:45;1;1
2;SDD cross-platform structure;2020-10-29T01:23:51;2;2
3;Credit Card Account Checking Account;2020-10-29T07:16:21;1;3
4;Administrator Metical software;2020-10-29T13:03:45;1;4
5;Cotton Sleek Plastic;2020-10-29T09:11:37;2;5
6;Outdoors;2020-10-29T15:38:03;1;6
7;utilize;2020-10-29T13:09:38;2;7
8;Underpass Applications;2020-10-29T11:49:33;1;8
9;Orchestrator;2020-10-29T16:48:41;1;9
10;Passage Lead Electronics;2020-10-28T22:30:06;1;10
