id;first_name;last_name;email;birth_date;nationality;sex
1;Rebeca;Heathcote;Orlando63@gmail.com;2020-02-25T15:14:54;Directives hack green;FEMALE
2;Patience;Rempel;Abigale49@gmail.com;2020-02-26T01:16:14;protocol application;MALE
3;Llewellyn;Parisian;Ima31@gmail.com;2020-02-25T21:18:00;Leone;FEMALE
4;Helen;Carroll;Agustina_Kuhlman76@hotmail.com;2020-02-25T22:31:48;Concrete neural;MALE
5;Adeline;Cruickshank;Sydney96@gmail.com;2020-02-25T21:19:33;deposit;MALE
6;Theo;Dibbert;Celestino10@yahoo.com;2020-02-26T01:12:19;intranet;MALE
7;Dameon;Jakubowski;Dahlia.Heller15@yahoo.com;2020-02-26T00:54:32;exploit;OTHER
8;Judah;Walter;Cathrine.Trantow91@gmail.com;2020-02-25T19:34:00;technologies Borders;MALE
9;Mohammad;Simonis;Wilfredo12@hotmail.com;2020-02-26T03:23:21;Fantastic violet;MALE
10;Odell;Watsica;Bernadette.Hilpert78@hotmail.com;2020-02-25T11:40:29;platforms payment COM;FEMALE
