id;name;created;description
1;brand purple Arizona;2021-02-12T20:57:26;Forward Movies
2;24/7 Field;2021-02-12T10:41:21;facilitate Money Market Account Yemeni Rial
3;Bacon;2021-02-12T04:37:10;withdrawal Awesome Soft Chips
4;Mountains TCP;2021-02-12T14:21:15;Granite Sleek Chair
5;Alabama Specialist Uganda Shilling;2021-02-12T08:07:09;Maine COM calculating
6;azure Coves Awesome Fresh Ball;2021-02-12T12:30:51;Kina
7;navigate capacitor;2021-02-12T09:09:08;digital Clothing
8;synthesizing;2021-02-12T10:16:12;Licensed Fresh Mouse matrix Books
9;transmitter Customizable New York;2021-02-12T11:06:17;Cambridgeshire New Zealand Dollar
10;Home Loan Account;2021-02-12T14:39:10;Lempira
